"date.time","Date","Time","Power","Current","Pressure","Flow","Density"
2015-01-25 00:00:00,"25/01/2015","12:00:00 AM",5332.0024,77.6106283,70.26340626,332.3346911,318.5284899
2015-01-25 00:03:00,"25/01/2015","12:03:00 AM",5330.3354,78.24008139,70.40585912,344.5869462,323.289536
2015-01-25 00:06:00,"25/01/2015","12:06:00 AM",5287.4087,77.59569378,74.85854184,339.3608008,317.275742
2015-01-25 00:09:00,"25/01/2015","12:09:00 AM",5238.3125,75.42586307,70.097271,336.6085927,320.5285125
2015-01-25 00:12:00,"25/01/2015","12:12:00 AM",5206.2163,74.15070295,78.36689765,349.2190716,316.7039588
2015-01-25 00:15:00,"25/01/2015","12:15:00 AM",5230.4814,74.42918397,73.38025523,343.1142719,317.8681626
2015-01-25 00:18:00,"25/01/2015","12:18:00 AM",5182.1113,76.36421559,79.19099331,343.1010385,324.5167351
2015-01-25 00:21:00,"25/01/2015","12:21:00 AM",5292.6343,76.47182686,70.99190002,335.0526632,321.7735115
2015-01-25 00:24:00,"25/01/2015","12:24:00 AM",5242.0229,74.97619806,72.28438585,344.8356622,316.6332341
2015-01-25 00:27:00,"25/01/2015","12:27:00 AM",5238.7217,75.88084797,73.31988849,340.1465624,321.0819096
2015-01-25 00:30:00,"25/01/2015","12:30:00 AM",5171.4956,78.1655975,76.68171663,342.7479593,320.972843
2015-01-25 00:33:00,"25/01/2015","12:33:00 AM",5166.9463,74.48356583,69.70228952,343.3317544,320.4932212
2015-01-25 00:36:00,"25/01/2015","12:36:00 AM",5148.5684,75.71202735,74.72251124,339.380683,323.8489882
2015-01-25 00:39:00,"25/01/2015","12:39:00 AM",5122.5854,78.42761494,69.19819079,334.6162577,325.1247107
2015-01-25 00:42:00,"25/01/2015","12:42:00 AM",5268.1875,77.82396462,78.19731198,339.3564435,322.6086625
2015-01-25 00:45:00,"25/01/2015","12:45:00 AM",5166.3994,73.46433224,77.62512336,334.2699723,324.6278035
2015-01-25 00:48:00,"25/01/2015","12:48:00 AM",5152.9844,75.35102613,74.36277538,343.3562719,323.1174456
2015-01-25 00:51:00,"25/01/2015","12:51:00 AM",5140.4736,76.95063239,69.46460407,333.114008,321.3384209
2015-01-25 00:54:00,"25/01/2015","12:54:00 AM",5152.709,77.78800151,71.58370456,334.5234367,320.8750113
2015-01-25 00:57:00,"25/01/2015","12:57:00 AM",5179.6147,76.84029169,79.56468667,331.190255,325.0668864
2015-01-25 01:00:00,"25/01/2015","1:00:00 AM",5089.7627,74.17990244,73.74211947,333.8686376,318.9299234
2015-01-25 01:03:00,"25/01/2015","1:03:00 AM",5164.2056,76.28233175,73.54941836,332.9576216,321.6545338
2015-01-25 01:06:00,"25/01/2015","1:06:00 AM",5007.7236,76.45528484,77.29653384,339.8289549,322.2027246
2015-01-25 01:09:00,"25/01/2015","1:09:00 AM",5055.4443,77.18694746,75.92587467,336.2083571,318.2493872
2015-01-25 01:12:00,"25/01/2015","1:12:00 AM",5012.7769,73.61684912,76.88196401,332.8859466,316.6215322
2015-01-25 01:15:00,"25/01/2015","1:15:00 AM",5058.7861,72.86381486,71.97818028,327.9212348,318.2798537
2015-01-25 01:18:00,"25/01/2015","1:18:00 AM",5021.7617,76.13391849,74.12948568,335.0790903,321.3471429
2015-01-25 01:21:00,"25/01/2015","1:21:00 AM",5045.7578,73.25568284,75.08996221,338.7831192,320.6778682
2015-01-25 01:24:00,"25/01/2015","1:24:00 AM",5027.814,75.42343284,76.58381766,331.7273143,317.8618338
2015-01-25 01:27:00,"25/01/2015","1:27:00 AM",5030.5474,76.67048088,76.4478331,337.0167813,318.2902476
2015-01-25 01:30:00,"25/01/2015","1:30:00 AM",4997.0811,75.98352326,83.80958352,332.0990884,321.5141186
2015-01-25 01:33:00,"25/01/2015","1:33:00 AM",4889.5229,74.16630452,72.28634932,326.356151,317.7545084
2015-01-25 01:36:00,"25/01/2015","1:36:00 AM",4842.7461,77.02888864,72.25031185,326.1325539,320.2418764
2015-01-25 01:39:00,"25/01/2015","1:39:00 AM",4833.5859,76.06094892,67.92157874,328.6155899,321.26182
2015-01-25 01:42:00,"25/01/2015","1:42:00 AM",4775.7271,72.36240931,73.46584938,324.0897479,320.7754031
2015-01-25 01:45:00,"25/01/2015","1:45:00 AM",4720.0933,75.41431035,81.49264217,317.1900427,317.9804804
2015-01-25 01:48:00,"25/01/2015","1:48:00 AM",4881.5649,76.58266849,67.11496916,327.5843357,317.1912552
2015-01-25 01:51:00,"25/01/2015","1:51:00 AM",4988.9082,76.09163903,69.60628145,334.874927,320.9302334
2015-01-25 01:54:00,"25/01/2015","1:54:00 AM",4972.8257,75.41879628,75.19863539,333.9170465,324.1561664
2015-01-25 01:57:00,"25/01/2015","1:57:00 AM",4992.4009,74.06708205,78.29740306,336.5493662,322.5399778
2015-01-25 02:00:00,"25/01/2015","2:00:00 AM",4994.6968,75.13645729,73.35126132,330.8145939,321.6212643
2015-01-25 02:03:00,"25/01/2015","2:03:00 AM",5026.3916,72.86411274,73.04619739,334.0863249,322.4631465
2015-01-25 02:06:00,"25/01/2015","2:06:00 AM",5013.8765,72.05065668,73.56357845,337.8983933,325.5238529
2015-01-25 02:09:00,"25/01/2015","2:09:00 AM",5021.7246,74.78123322,67.72223497,337.0903309,318.6115832
2015-01-25 02:12:00,"25/01/2015","2:12:00 AM",4976.1548,75.27242377,71.44575763,328.672693,320.3897429
2015-01-25 02:15:00,"25/01/2015","2:15:00 AM",5101.5889,76.52169281,69.33214249,326.7526785,317.8116305
2015-01-25 02:18:00,"25/01/2015","2:18:00 AM",5040.8867,72.61680756,76.26879377,341.3302765,321.4392645
2015-01-25 02:21:00,"25/01/2015","2:21:00 AM",5037.5171,75.46239318,69.34806354,338.3327362,324.4856992
2015-01-25 02:24:00,"25/01/2015","2:24:00 AM",5026.644,76.68895391,79.2977791,336.4915737,324.3922904
2015-01-25 02:27:00,"25/01/2015","2:27:00 AM",4996.9307,75.53433805,77.77217005,331.6138847,321.8188248
2015-01-25 02:30:00,"25/01/2015","2:30:00 AM",4979.6807,75.28655769,69.85640742,341.5585324,321.6149842
2015-01-25 02:33:00,"25/01/2015","2:33:00 AM",5091.5747,77.13127814,70.4876272,330.8543817,325.4408637
2015-01-25 02:36:00,"25/01/2015","2:36:00 AM",5067.0273,73.45928002,77.57571307,331.7841954,322.7662963
2015-01-25 02:39:00,"25/01/2015","2:39:00 AM",5081.126,72.22286604,74.11366962,336.6968939,321.5057125
2015-01-25 02:42:00,"25/01/2015","2:42:00 AM",4989.6182,72.17380765,72.44887367,326.2988246,321.1777328
2015-01-25 02:45:00,"25/01/2015","2:45:00 AM",5025.3403,73.33321365,72.68331809,338.2706314,321.5757478
2015-01-25 02:48:00,"25/01/2015","2:48:00 AM",4975.2324,75.0956065,79.91328307,340.1280403,321.6519891
2015-01-25 02:51:00,"25/01/2015","2:51:00 AM",5060.5005,74.44985374,75.60491433,339.866068,318.3150409
2015-01-25 02:54:00,"25/01/2015","2:54:00 AM",5094.5454,72.94612604,70.65900797,332.696008,321.7117978
2015-01-25 02:57:00,"25/01/2015","2:57:00 AM",5002.2803,76.22219599,73.35201906,337.3612321,325.4935464
2015-01-25 03:00:00,"25/01/2015","3:00:00 AM",5059.4912,73.3575572,78.1336824,320.7177525,317.9855408
2015-01-25 03:03:00,"25/01/2015","3:03:00 AM",4890.6699,75.28111516,79.2224546,323.0999388,317.2215542
2015-01-25 03:06:00,"25/01/2015","3:06:00 AM",4889.0234,76.73677833,78.94719059,313.0195415,315.303669
2015-01-25 03:09:00,"25/01/2015","3:09:00 AM",4835.5894,77.67946158,83.87639766,327.3883869,316.8808878
2015-01-25 03:12:00,"25/01/2015","3:12:00 AM",4887.4146,73.27954549,92.42811303,331.4449667,319.797377
2015-01-25 03:15:00,"25/01/2015","3:15:00 AM",4794.8438,78.20615008,90.53205223,338.3458685,317.1933513
2015-01-25 03:18:00,"25/01/2015","3:18:00 AM",4803.2778,74.78019248,71.32444765,318.5097356,324.7428755
2015-01-25 03:21:00,"25/01/2015","3:21:00 AM",4846.4395,75.54381727,78.5273813,333.5511312,322.9085111
2015-01-25 03:24:00,"25/01/2015","3:24:00 AM",4603.5806,71.24639231,74.26697931,316.3945036,324.3890076
2015-01-25 03:27:00,"25/01/2015","3:27:00 AM",4425.5786,69.5185982,76.85479895,314.9508229,317.5730413
2015-01-25 03:30:00,"25/01/2015","3:30:00 AM",4342.6064,72.70720601,74.7260139,310.0593012,320.5119851
2015-01-25 03:33:00,"25/01/2015","3:33:00 AM",4306.3687,72.00543781,80.12326624,320.3107746,319.5491731
2015-01-25 03:36:00,"25/01/2015","3:36:00 AM",4195.4824,73.34417575,76.77017549,316.4602523,320.3600974
2015-01-25 03:39:00,"25/01/2015","3:39:00 AM",4131.8955,68.41439041,72.64243242,315.5202009,320.7522956
2015-01-25 03:42:00,"25/01/2015","3:42:00 AM",4191.0234,69.81157144,75.055532,306.3070332,317.9021109
2015-01-25 03:45:00,"25/01/2015","3:45:00 AM",4066.4807,68.37083065,75.52583423,314.363815,318.8728242
2015-01-25 03:48:00,"25/01/2015","3:48:00 AM",4060.7437,68.49306914,79.93306993,307.6998668,320.6236426
2015-01-25 03:51:00,"25/01/2015","3:51:00 AM",4050.7522,66.77044488,76.18724699,313.7000345,316.8117463
2015-01-25 03:54:00,"25/01/2015","3:54:00 AM",4053.6357,67.30389392,77.54229115,306.3763235,320.5321241
2015-01-25 03:57:00,"25/01/2015","3:57:00 AM",4129.4912,72.65998798,75.70671973,309.3979934,319.0612714
2015-01-25 04:00:00,"25/01/2015","4:00:00 AM",4190.1582,69.5772505,75.69402705,305.5442967,318.6214792
2015-01-25 04:03:00,"25/01/2015","4:03:00 AM",4068.3604,67.64409528,75.96653449,294.3815999,317.2994991
2015-01-25 04:06:00,"25/01/2015","4:06:00 AM",1420.1771,44.99955054,9.456270943,226.6754704,294.0731254
2015-01-25 04:09:00,"25/01/2015","4:09:00 AM",506.41681,45.75310035,42.20486451,225.7552389,308.2497756
2015-01-25 04:12:00,"25/01/2015","4:12:00 AM",796.33136,38.21273638,62.49350445,238.4559896,318.3152127
2015-01-25 04:15:00,"25/01/2015","4:15:00 AM",489.59686,20.60674123,74.36083725,238.9012656,316.8368919
2015-01-25 04:18:00,"25/01/2015","4:18:00 AM",248.05194,12.81062037,64.03640415,234.4774023,320.7352663
2015-01-25 04:21:00,"25/01/2015","4:21:00 AM",102.13213,5.150723099,35.05916756,228.8293469,303.3132926
2015-01-25 04:24:00,"25/01/2015","4:24:00 AM",98.982933,9.974627066,30.71463702,228.6932386,307.8313206
2015-01-25 04:27:00,"25/01/2015","4:27:00 AM",249.74889,20.90566821,40.67958235,226.324153,304.8712827
2015-01-25 04:30:00,"25/01/2015","4:30:00 AM",281.25714,19.10303224,45.5781098,228.0962446,305.7225057
2015-01-25 04:33:00,"25/01/2015","4:33:00 AM",269.78693,19.66319698,44.0566564,229.3319098,303.6143155
2015-01-25 04:36:00,"25/01/2015","4:36:00 AM",203.99072,12.64304908,46.94980068,230.851844,304.8965648
2015-01-25 04:39:00,"25/01/2015","4:39:00 AM",171.47589,11.46056353,54.35222587,230.2018286,307.639608
2015-01-25 04:42:00,"25/01/2015","4:42:00 AM",111.42034,11.0635356,44.5733398,225.6553699,307.4095988
2015-01-25 04:45:00,"25/01/2015","4:45:00 AM",114.46017,11.22994386,51.13238765,231.5491488,303.3685233
2015-01-25 04:48:00,"25/01/2015","4:48:00 AM",-9,1.481844937,7.886880125,5.111407182,3.375287144
2015-01-25 04:51:00,"25/01/2015","4:51:00 AM",9,3.004953651,1.619730401,3.331165399,4.172248705
2015-01-25 04:54:00,"25/01/2015","4:54:00 AM",-5,4.604654492,7.963271683,6.382124262,4.158012316
2015-01-25 04:57:00,"25/01/2015","4:57:00 AM",4,3.623764417,3.143438427,4.424880377,4.17037995
2015-01-25 05:00:00,"25/01/2015","5:00:00 AM",4,2.022026487,9.56918013,4.772743778,4.007780083
2015-01-25 05:03:00,"25/01/2015","5:03:00 AM",-8,2.774802177,7.582135218,5.312684343,0.514175815
2015-01-25 05:06:00,"25/01/2015","5:06:00 AM",9,3.573989429,9.78418523,3.746038834,1.539553415
2015-01-25 05:09:00,"25/01/2015","5:09:00 AM",-9,4.760760922,3.67168232,5.345801543,3.783693082
2015-01-25 05:12:00,"25/01/2015","5:12:00 AM",1,3.454918368,7.682730337,9.676908347,3.426640093
2015-01-25 05:15:00,"25/01/2015","5:15:00 AM",-4,1.384742702,0.362611998,3.449450135,2.499013508
2015-01-25 05:18:00,"25/01/2015","5:18:00 AM",-7,0.158949328,2.92686474,7.189454471,0.035576124
2015-01-25 05:21:00,"25/01/2015","5:21:00 AM",-2,0.217223437,0.41332038,4.309007861,4.053477712
2015-01-25 05:24:00,"25/01/2015","5:24:00 AM",8,2.015151386,9.254892801,1.553142529,3.835112149
2015-01-25 05:27:00,"25/01/2015","5:27:00 AM",2,4.151244068,5.080375728,0.221510122,4.157436525
2015-01-25 05:30:00,"25/01/2015","5:30:00 AM",8,2.239058151,7.109393745,1.189547858,0.110494515
2015-01-25 05:33:00,"25/01/2015","5:33:00 AM",3,3.49781274,6.494207829,5.001044949,1.539633062
2015-01-25 05:36:00,"25/01/2015","5:36:00 AM",7,0.906874738,8.881013364,3.020236415,0.196538447
2015-01-25 05:39:00,"25/01/2015","5:39:00 AM",-2,0.666894142,2.395317548,5.427537106,1.9043356
2015-01-25 05:42:00,"25/01/2015","5:42:00 AM",-10,1.817302344,4.776025771,9.234031664,2.680457972
2015-01-25 05:45:00,"25/01/2015","5:45:00 AM",3,0.48030989,6.818548503,8.647699963,4.106013539
2015-01-25 05:48:00,"25/01/2015","5:48:00 AM",8,4.624575014,4.746588069,0.892645242,4.929716171
2015-01-25 05:51:00,"25/01/2015","5:51:00 AM",8,2.11256643,5.443090313,3.943500806,1.921779121
2015-01-25 05:54:00,"25/01/2015","5:54:00 AM",-10,3.744737958,4.469243972,9.172017762,4.683433001
2015-01-25 05:57:00,"25/01/2015","5:57:00 AM",-4,2.360066719,0.863848011,2.065555405,1.321775755
2015-01-25 06:00:00,"25/01/2015","6:00:00 AM",-1,0.124389553,9.540372475,8.262561598,3.834607166
2015-01-25 06:03:00,"25/01/2015","6:03:00 AM",1,4.602977177,4.257372748,9.330918453,0.943670908
2015-01-25 06:06:00,"25/01/2015","6:06:00 AM",7,0.998958993,2.795246785,4.498436082,1.767879862
2015-01-25 06:09:00,"25/01/2015","6:09:00 AM",-1,1.387992173,0.480217578,7.459343586,3.700997343
2015-01-25 06:12:00,"25/01/2015","6:12:00 AM",-4,4.785001271,2.223633851,3.97552706,1.915989637
2015-01-25 06:15:00,"25/01/2015","6:15:00 AM",3,1.70482501,9.925889243,9.555151344,3.058677458
2015-01-25 06:18:00,"25/01/2015","6:18:00 AM",-2,3.206807849,4.889511506,3.024302744,2.487426763
2015-01-25 06:21:00,"25/01/2015","6:21:00 AM",0,0.576856198,1.487930518,8.002249452,4.309599746
2015-01-25 06:24:00,"25/01/2015","6:24:00 AM",-1,0.529009013,8.276025696,4.091195422,1.115775661
2015-01-25 06:27:00,"25/01/2015","6:27:00 AM",-9,0.651394722,1.195855124,1.981404664,0.593241748
2015-01-25 06:30:00,"25/01/2015","6:30:00 AM",-10,1.059725879,8.890153361,6.260965339,4.973223332
2015-01-25 06:33:00,"25/01/2015","6:33:00 AM",-9,2.199549021,4.533100897,5.138626939,1.370138567
2015-01-25 06:36:00,"25/01/2015","6:36:00 AM",-2,0.27137759,0.976271531,6.735960693,3.552217373
2015-01-25 06:39:00,"25/01/2015","6:39:00 AM",-5,0.77019762,2.669934675,3.361954929,3.755963579
2015-01-25 06:42:00,"25/01/2015","6:42:00 AM",-3,3.661460426,3.869968781,2.909747816,4.252724362
2015-01-25 06:45:00,"25/01/2015","6:45:00 AM",-3,0.595949595,7.677170299,5.049817462,0.700333654
2015-01-25 06:48:00,"25/01/2015","6:48:00 AM",-5,2.62620196,5.542324661,4.958235514,1.771735742
2015-01-25 06:51:00,"25/01/2015","6:51:00 AM",-2,4.197996888,2.148263042,5.335621008,4.985352803
2015-01-25 06:54:00,"25/01/2015","6:54:00 AM",-3,3.635331258,0.140345098,7.898987317,4.937446444
2015-01-25 06:57:00,"25/01/2015","6:57:00 AM",2,3.911705281,6.637649683,8.879574493,3.606438426
2015-01-25 07:00:00,"25/01/2015","7:00:00 AM",9,1.707867809,2.909505296,5.384797984,2.12368891
2015-01-25 07:03:00,"25/01/2015","7:03:00 AM",10,3.261602779,2.893806114,3.013264226,0.428939484
2015-01-25 07:06:00,"25/01/2015","7:06:00 AM",-10,2.981923656,5.260802458,5.945502818,1.79069
2015-01-25 07:09:00,"25/01/2015","7:09:00 AM",8,0.520860425,1.456010575,5.045935692,4.654170204
2015-01-25 07:12:00,"25/01/2015","7:12:00 AM",3,2.897652929,9.803477508,0.022851591,1.841063451
2015-01-25 07:15:00,"25/01/2015","7:15:00 AM",9,1.936588216,3.509689072,0.691498669,0.781404031
2015-01-25 07:18:00,"25/01/2015","7:18:00 AM",-5,3.005071102,4.276510293,4.546087188,0.918516985
2015-01-25 07:21:00,"25/01/2015","7:21:00 AM",3,1.776511002,6.640788769,4.18032667,2.489331523
2015-01-25 07:24:00,"25/01/2015","7:24:00 AM",-10,2.47148887,6.531698245,6.039061923,2.846803553
2015-01-25 07:27:00,"25/01/2015","7:27:00 AM",-1,4.900860429,9.84230101,8.641863041,2.206928333
2015-01-25 07:30:00,"25/01/2015","7:30:00 AM",-4,3.556342825,2.769629986,6.762549637,2.514321124
2015-01-25 07:33:00,"25/01/2015","7:33:00 AM",8,3.517723488,6.113792722,1.233060841,4.195472451
2015-01-25 07:36:00,"25/01/2015","7:36:00 AM",-2,1.487958279,3.777270763,6.64103764,1.041619931
2015-01-25 07:39:00,"25/01/2015","7:39:00 AM",0,3.658773434,4.401330161,8.000024289,0.420007084
2015-01-25 07:42:00,"25/01/2015","7:42:00 AM",-8,2.78753274,6.789169786,1.262674545,2.979852019
2015-01-25 07:45:00,"25/01/2015","7:45:00 AM",2,0.810678968,9.231376329,6.793478432,2.749075343
2015-01-25 07:48:00,"25/01/2015","7:48:00 AM",1,0.19381204,0.565018387,1.910523523,3.468907109
2015-01-25 07:51:00,"25/01/2015","7:51:00 AM",8,0.39327193,0.902380686,0.604258886,0.94544272
2015-01-25 07:54:00,"25/01/2015","7:54:00 AM",-6,3.426635052,3.574784654,4.934602555,1.015810277
2015-01-25 07:57:00,"25/01/2015","7:57:00 AM",-1,3.012054591,8.951238178,0.837401144,3.374207358
2015-01-25 08:00:00,"25/01/2015","8:00:00 AM",-8,0.797765325,3.372198432,7.114540953,3.648187466
2015-01-25 08:03:00,"25/01/2015","8:03:00 AM",1,3.761663891,3.227134301,8.129973835,4.457322432
2015-01-25 08:06:00,"25/01/2015","8:06:00 AM",1,3.329630054,0.081358253,3.88850778,0.09402841
2015-01-25 08:09:00,"25/01/2015","8:09:00 AM",9,2.735520056,5.44472332,9.481459511,1.610446395
2015-01-25 08:12:00,"25/01/2015","8:12:00 AM",-4,3.876357374,7.826620556,7.645824681,0.019827191
2015-01-25 08:15:00,"25/01/2015","8:15:00 AM",9,0.494705502,1.898910385,6.105218472,1.107092604
2015-01-25 08:18:00,"25/01/2015","8:18:00 AM",5,2.034123158,2.907714301,2.962715466,4.012259912
2015-01-25 08:21:00,"25/01/2015","8:21:00 AM",6,3.750354059,4.827208744,1.137366772,4.118735268
2015-01-25 08:24:00,"25/01/2015","8:24:00 AM",-6,1.865831257,6.509295642,7.827576483,4.673321347
2015-01-25 08:27:00,"25/01/2015","8:27:00 AM",-8,2.564509348,5.765883784,0.024319973,3.407333876
2015-01-25 08:30:00,"25/01/2015","8:30:00 AM",-7,1.252214067,8.51733976,5.881535628,0.715025626
2015-01-25 08:33:00,"25/01/2015","8:33:00 AM",4,0.503812457,4.422436475,5.542418346,1.854334631
2015-01-25 08:36:00,"25/01/2015","8:36:00 AM",5,0.349216904,2.765483489,7.010284543,2.371898044
2015-01-25 08:39:00,"25/01/2015","8:39:00 AM",0,4.577475693,7.690773956,4.551869531,0.388375514
2015-01-25 08:42:00,"25/01/2015","8:42:00 AM",-8,1.154532922,3.414947618,8.342516232,2.648759011
2015-01-25 08:45:00,"25/01/2015","8:45:00 AM",2,4.33308791,7.334933947,4.696414857,4.722867613
2015-01-25 08:48:00,"25/01/2015","8:48:00 AM",-8,2.258372078,8.951448488,8.976326727,4.002726245
2015-01-25 08:51:00,"25/01/2015","8:51:00 AM",-3,4.73443516,6.855563082,4.565478481,2.983702559
2015-01-25 08:54:00,"25/01/2015","8:54:00 AM",1,0.5357813,0.738532387,5.070323769,3.978204588
2015-01-25 08:57:00,"25/01/2015","8:57:00 AM",-9,4.705854505,8.871492062,8.462111959,4.001155812
2015-01-25 09:00:00,"25/01/2015","9:00:00 AM",9,2.092640325,3.427403122,5.297397539,4.70231121
2015-01-25 09:03:00,"25/01/2015","9:03:00 AM",-4,2.921708976,9.021044402,2.057443036,4.840436003
2015-01-25 09:06:00,"25/01/2015","9:06:00 AM",2,0.238865665,2.48360614,4.870171192,3.99881818
2015-01-25 09:09:00,"25/01/2015","9:09:00 AM",-7,2.193723795,1.83505301,5.98728789,0.324700424
2015-01-25 09:12:00,"25/01/2015","9:12:00 AM",5,3.578628529,6.495629496,3.236160142,0.902549618
2015-01-25 09:15:00,"25/01/2015","9:15:00 AM",1,4.250869207,0.540797084,4.469905269,2.593831782
2015-01-25 09:18:00,"25/01/2015","9:18:00 AM",1,0.848038546,2.697004179,6.721633321,0.145177709
2015-01-25 09:21:00,"25/01/2015","9:21:00 AM",4,4.361916824,0.666181594,6.263566017,1.921353312
2015-01-25 09:24:00,"25/01/2015","9:24:00 AM",-5,0.731458197,2.798651647,6.011937495,3.433001042
2015-01-25 09:27:00,"25/01/2015","9:27:00 AM",-8,0.116810982,5.448501173,6.363810509,1.238101256
2015-01-25 09:30:00,"25/01/2015","9:30:00 AM",-5,0.695588867,6.706748323,7.229284497,1.461908914
2015-01-25 09:33:00,"25/01/2015","9:33:00 AM",9,0.955137442,7.961172569,5.559174885,3.591029213
2015-01-25 09:36:00,"25/01/2015","9:36:00 AM",5,3.580975695,2.048674419,3.316774501,1.000388891
2015-01-25 09:39:00,"25/01/2015","9:39:00 AM",9,0.859868627,8.958183479,0.267428045,1.190885804
2015-01-25 09:42:00,"25/01/2015","9:42:00 AM",-2,0.760525588,8.965646461,9.140034326,4.690038886
2015-01-25 09:45:00,"25/01/2015","9:45:00 AM",-9,0.376849801,9.225085003,0.352788973,2.260626063
2015-01-25 09:48:00,"25/01/2015","9:48:00 AM",-3,3.354149642,4.560853669,3.226159898,2.657644085
2015-01-25 09:51:00,"25/01/2015","9:51:00 AM",-1,3.472184398,6.386068224,6.87569797,3.371713163
2015-01-25 09:54:00,"25/01/2015","9:54:00 AM",-5,2.491618492,9.868099742,2.449052667,3.253268473
2015-01-25 09:57:00,"25/01/2015","9:57:00 AM",1,3.461115081,9.897342552,9.938065088,0.513247568
2015-01-25 10:00:00,"25/01/2015","10:00:00 AM",8,0.834956422,7.25712868,5.112690235,2.82914245
2015-01-25 10:03:00,"25/01/2015","10:03:00 AM",5,0.122635059,7.581948854,6.523931349,1.141554679
2015-01-25 10:06:00,"25/01/2015","10:06:00 AM",3,3.619739313,0.958433166,0.919655942,2.750275679
2015-01-25 10:09:00,"25/01/2015","10:09:00 AM",0,0.62956207,9.990047764,1.813214541,0.805507916
2015-01-25 10:12:00,"25/01/2015","10:12:00 AM",-2,1.327556521,2.571437833,1.84171704,4.692545183
2015-01-25 10:15:00,"25/01/2015","10:15:00 AM",0,3.254335009,4.749622049,5.79413645,3.226135864
2015-01-25 10:18:00,"25/01/2015","10:18:00 AM",-9,2.0105058,4.100667787,3.571793546,0.251697779
2015-01-25 10:21:00,"25/01/2015","10:21:00 AM",4,0.90774092,4.17343633,5.172344555,4.314034153
2015-01-25 10:24:00,"25/01/2015","10:24:00 AM",-9,2.573899069,1.833187472,4.457437584,3.44673044
2015-01-25 10:27:00,"25/01/2015","10:27:00 AM",9,1.515839354,5.991531762,9.955872525,3.039583242
2015-01-25 10:30:00,"25/01/2015","10:30:00 AM",3,2.953878815,4.143293282,0.171819544,2.742331375
2015-01-25 10:33:00,"25/01/2015","10:33:00 AM",3,2.021255435,5.975453148,1.761989786,0.588239833
2015-01-25 10:36:00,"25/01/2015","10:36:00 AM",1,3.563373137,5.616448649,7.570439082,0.79793148
2015-01-25 10:39:00,"25/01/2015","10:39:00 AM",5,3.784689686,9.923476683,6.956302373,4.719919728
2015-01-25 10:42:00,"25/01/2015","10:42:00 AM",-8,1.321217575,3.004341018,7.029721662,4.564266715
2015-01-25 10:45:00,"25/01/2015","10:45:00 AM",-9,0.109924626,3.530215938,7.603418246,1.037810454
2015-01-25 10:48:00,"25/01/2015","10:48:00 AM",1,4.225950407,0.353575106,9.790290078,4.335034313
2015-01-25 10:51:00,"25/01/2015","10:51:00 AM",-6,4.116092772,9.951597835,7.427738252,4.85818413
2015-01-25 10:54:00,"25/01/2015","10:54:00 AM",-8,4.661023984,8.628024001,8.340871982,1.622066399
2015-01-25 10:57:00,"25/01/2015","10:57:00 AM",-1,4.854617056,6.266637401,0.651079368,0.419124427
2015-01-25 11:00:00,"25/01/2015","11:00:00 AM",-1,1.673282481,2.023572924,1.115338662,4.367223779
2015-01-25 11:03:00,"25/01/2015","11:03:00 AM",0,1.449897625,8.01907647,7.645217369,4.20287215
2015-01-25 11:06:00,"25/01/2015","11:06:00 AM",-10,3.395427041,4.538864405,8.83204357,4.001260703
2015-01-25 11:09:00,"25/01/2015","11:09:00 AM",-5,0.164689715,7.044639225,6.145717061,4.170439129
2015-01-25 11:12:00,"25/01/2015","11:12:00 AM",-6,3.550835039,2.551463898,7.08999112,3.068219154
2015-01-25 11:15:00,"25/01/2015","11:15:00 AM",-2,0.44835976,7.026293796,5.940234374,3.349761032
2015-01-25 11:18:00,"25/01/2015","11:18:00 AM",-2,0.334902347,7.855799366,1.488798805,1.162577195
2015-01-25 11:21:00,"25/01/2015","11:21:00 AM",10,3.389788159,9.202273051,6.700113843,1.54220907
2015-01-25 11:24:00,"25/01/2015","11:24:00 AM",5,0.768611232,1.491431775,3.354628483,1.288547533
2015-01-25 11:27:00,"25/01/2015","11:27:00 AM",-10,3.916457023,1.681498777,3.468825319,3.294317892
2015-01-25 11:30:00,"25/01/2015","11:30:00 AM",8,2.469062308,9.070106002,6.895837816,4.216252151
2015-01-25 11:33:00,"25/01/2015","11:33:00 AM",0,0.93088806,3.096935056,3.394774749,3.948978106
2015-01-25 11:36:00,"25/01/2015","11:36:00 AM",10,2.581548559,8.945453248,1.571543664,3.223008352
2015-01-25 11:39:00,"25/01/2015","11:39:00 AM",-2,4.355229812,0.115681664,0.959574455,1.042963199
2015-01-25 11:42:00,"25/01/2015","11:42:00 AM",1,1.273371988,5.684990721,1.180329168,1.303541211
2015-01-25 11:45:00,"25/01/2015","11:45:00 AM",3,3.894883622,8.437354702,9.806441875,4.861250429
2015-01-25 11:48:00,"25/01/2015","11:48:00 AM",-2,0.328018459,8.928022522,2.741272717,2.023231071
2015-01-25 11:51:00,"25/01/2015","11:51:00 AM",1,0.75252768,9.208170971,1.869829473,3.766537545
2015-01-25 11:54:00,"25/01/2015","11:54:00 AM",-5,4.130173609,2.896187466,5.264482316,1.437616052
2015-01-25 11:57:00,"25/01/2015","11:57:00 AM",-6,1.988580722,0.174645268,4.834007585,2.014454327
2015-01-25 12:00:00,"25/01/2015","12:00:00 PM",-7,4.867598437,3.510517687,5.678035064,3.745221015
2015-01-25 12:03:00,"25/01/2015","12:03:00 PM",-9,1.567500352,7.639713758,5.024216405,4.617071345
2015-01-25 12:06:00,"25/01/2015","12:06:00 PM",1,1.21113149,6.325702799,8.476115273,1.041245459
2015-01-25 12:09:00,"25/01/2015","12:09:00 PM",-6,0.500308223,1.081964883,0.57228232,4.662018784
2015-01-25 12:12:00,"25/01/2015","12:12:00 PM",-4,1.596328708,0.400228312,6.255442486,1.751923865
2015-01-25 12:15:00,"25/01/2015","12:15:00 PM",-9,0.988432355,6.755389675,4.263031911,0.930077989
2015-01-25 12:18:00,"25/01/2015","12:18:00 PM",4,4.422209057,9.288923203,3.467107905,3.198387544
2015-01-25 12:21:00,"25/01/2015","12:21:00 PM",-7,3.23248483,2.992002228,2.666582113,1.003434048
2015-01-25 12:24:00,"25/01/2015","12:24:00 PM",10,4.485864109,9.257167003,6.016928084,1.435742255
2015-01-25 12:27:00,"25/01/2015","12:27:00 PM",5,0.883681666,7.988999169,2.758578971,1.647812264
2015-01-25 12:30:00,"25/01/2015","12:30:00 PM",2,1.45009486,0.315108185,4.438166119,2.645675226
2015-01-25 12:33:00,"25/01/2015","12:33:00 PM",10,4.444102355,2.670143885,7.912541738,2.155315876
2015-01-25 12:36:00,"25/01/2015","12:36:00 PM",7,3.180421759,8.341176496,1.647207653,2.695835795
2015-01-25 12:39:00,"25/01/2015","12:39:00 PM",7,4.995982792,0.123326104,3.214306951,0.028382195
2015-01-25 12:42:00,"25/01/2015","12:42:00 PM",-7,2.707717364,0.146264471,7.334367415,0.505925032
2015-01-25 12:45:00,"25/01/2015","12:45:00 PM",-9,1.459927951,6.866053821,1.192093245,3.517129367
2015-01-25 12:48:00,"25/01/2015","12:48:00 PM",-3,0.717320019,4.456807562,1.884175859,4.261722185
2015-01-25 12:51:00,"25/01/2015","12:51:00 PM",5,2.950214048,5.374227644,2.118508553,4.205873212
2015-01-25 12:54:00,"25/01/2015","12:54:00 PM",-1,4.008215305,3.068272249,9.96830758,0.204541394
2015-01-25 12:57:00,"25/01/2015","12:57:00 PM",-3,2.921801787,3.18523709,1.018391175,3.997247515
2015-01-25 13:00:00,"25/01/2015","1:00:00 PM",-6,0.298951033,8.041828644,8.769925527,1.854373836
2015-01-25 13:03:00,"25/01/2015","1:03:00 PM",9,0.340701709,5.031957077,3.997705546,4.341562402
2015-01-25 13:06:00,"25/01/2015","1:06:00 PM",-1,2.599445994,0.816248672,9.281208464,0.980711945
2015-01-25 13:09:00,"25/01/2015","1:09:00 PM",-8,1.787124722,2.980279395,8.768018784,3.552016896
2015-01-25 13:12:00,"25/01/2015","1:12:00 PM",-4,4.946716298,1.232099021,1.317084237,3.350140986
2015-01-25 13:15:00,"25/01/2015","1:15:00 PM",-6,2.782820904,4.377926817,4.752825709,4.597127341
2015-01-25 13:18:00,"25/01/2015","1:18:00 PM",-2,0.91581882,6.851131102,3.936195877,3.105535255
2015-01-25 13:21:00,"25/01/2015","1:21:00 PM",8,2.69229331,1.625512912,2.218440797,1.811891545
2015-01-25 13:24:00,"25/01/2015","1:24:00 PM",7,4.937298682,5.676260891,0.03228267,2.71668862
2015-01-25 13:27:00,"25/01/2015","1:27:00 PM",-7,3.552089726,5.638357039,1.260475239,3.659351007
2015-01-25 13:30:00,"25/01/2015","1:30:00 PM",9,4.936645939,3.799553498,1.310881108,1.169867545
2015-01-25 13:33:00,"25/01/2015","1:33:00 PM",2,1.800031762,1.455762474,3.173857077,2.806500055
2015-01-25 13:36:00,"25/01/2015","1:36:00 PM",-3,0.902495649,1.697009933,8.931278118,0.949414319
2015-01-25 13:39:00,"25/01/2015","1:39:00 PM",-9,2.140810775,0.627149934,6.970854875,3.168600359
2015-01-25 13:42:00,"25/01/2015","1:42:00 PM",5,4.116679493,7.887574549,4.003700426,3.038876211
2015-01-25 13:45:00,"25/01/2015","1:45:00 PM",-3,2.719385782,5.395444597,1.332869642,4.973549712
2015-01-25 13:48:00,"25/01/2015","1:48:00 PM",10,2.880653172,1.270888998,6.592117267,4.816766086
2015-01-25 13:51:00,"25/01/2015","1:51:00 PM",2,3.382894139,8.405489261,8.389027322,4.967648361
2015-01-25 13:54:00,"25/01/2015","1:54:00 PM",8,3.212895734,0.851992024,2.35189001,2.312361878
2015-01-25 13:57:00,"25/01/2015","1:57:00 PM",7,2.423411565,3.484792508,5.915164929,4.23808823
2015-01-25 14:00:00,"25/01/2015","2:00:00 PM",9,0.754849547,9.140451959,0.634398707,4.216069584
2015-01-25 14:03:00,"25/01/2015","2:03:00 PM",-3,2.239873729,1.800770553,6.942676157,0.345731154
2015-01-25 14:06:00,"25/01/2015","2:06:00 PM",-7,2.955625533,2.890859624,1.477515891,1.611394793
2015-01-25 14:09:00,"25/01/2015","2:09:00 PM",-5,1.818797714,4.36105647,2.616399442,1.85711117
2015-01-25 14:12:00,"25/01/2015","2:12:00 PM",-6,2.58497071,0.475903989,4.048557303,1.100883953
2015-01-25 14:15:00,"25/01/2015","2:15:00 PM",-10,3.054982751,5.143337911,3.826791142,2.098721244
2015-01-25 14:18:00,"25/01/2015","2:18:00 PM",-4,2.685941695,7.916109713,7.325199597,0.308077714
2015-01-25 14:21:00,"25/01/2015","2:21:00 PM",9,1.314362827,7.428411272,7.596541208,4.706897036
2015-01-25 14:24:00,"25/01/2015","2:24:00 PM",5,4.639978316,6.602782787,4.539752776,0.03159572
2015-01-25 14:27:00,"25/01/2015","2:27:00 PM",-5,4.630034832,5.074272666,8.282187266,4.660933505
2015-01-25 14:30:00,"25/01/2015","2:30:00 PM",2,2.245140307,8.056416644,5.176588273,0.74794576
2015-01-25 14:33:00,"25/01/2015","2:33:00 PM",4,4.483445739,1.489215071,4.682872052,1.688096974
2015-01-25 14:36:00,"25/01/2015","2:36:00 PM",6,3.748322455,0.588114815,2.705357165,2.300665302
2015-01-25 14:39:00,"25/01/2015","2:39:00 PM",-9,1.984223672,7.370650425,7.346658719,1.4581594
2015-01-25 14:42:00,"25/01/2015","2:42:00 PM",9,1.810702318,1.690401657,2.59226665,1.936095955
2015-01-25 14:45:00,"25/01/2015","2:45:00 PM",0,4.52572103,0.102780412,9.352774309,2.958377407
2015-01-25 14:48:00,"25/01/2015","2:48:00 PM",-4,4.525043285,7.381726637,1.34589867,0.659354252
2015-01-25 14:51:00,"25/01/2015","2:51:00 PM",-7,4.178329382,7.023154512,0.683551674,4.108403608
2015-01-25 14:54:00,"25/01/2015","2:54:00 PM",-7,2.87198294,3.918277257,0.219363439,2.191615115
2015-01-25 14:57:00,"25/01/2015","2:57:00 PM",4,1.184209482,4.902428748,2.148445618,2.485251899
2015-01-25 15:00:00,"25/01/2015","3:00:00 PM",-8,0.39670252,1.783627295,1.638120013,2.294314225
2015-01-25 15:03:00,"25/01/2015","3:03:00 PM",-5,0.71017989,5.443293626,2.825927676,2.906930708
2015-01-25 15:06:00,"25/01/2015","3:06:00 PM",-4,1.121801274,1.103339732,6.051172502,3.279136931
2015-01-25 15:09:00,"25/01/2015","3:09:00 PM",-5,0.026302366,8.349426095,7.36343143,1.673988977
2015-01-25 15:12:00,"25/01/2015","3:12:00 PM",-5,0.3427382,3.594616604,2.110013163,4.044968933
2015-01-25 15:15:00,"25/01/2015","3:15:00 PM",-9,4.204448709,4.60963543,9.146999693,4.209022766
2015-01-25 15:18:00,"25/01/2015","3:18:00 PM",-5,0.771209676,5.691827343,6.244687885,4.939242126
2015-01-25 15:21:00,"25/01/2015","3:21:00 PM",3,2.90552167,3.360089531,9.298645335,1.318344805
2015-01-25 15:24:00,"25/01/2015","3:24:00 PM",8,2.359520497,3.801428996,7.235566652,1.061771042
2015-01-25 15:27:00,"25/01/2015","3:27:00 PM",7,3.63695731,2.306633865,4.114397052,1.897503742
2015-01-25 15:30:00,"25/01/2015","3:30:00 PM",4,2.880806381,0.164402587,7.248006271,4.534265421
2015-01-25 15:33:00,"25/01/2015","3:33:00 PM",9,1.242206509,8.816701811,4.600916564,0.126662491
2015-01-25 15:36:00,"25/01/2015","3:36:00 PM",-1,1.198325074,9.599111104,1.40082346,4.695240855
2015-01-25 15:39:00,"25/01/2015","3:39:00 PM",10,0.908293781,3.957412551,7.839899698,4.141511147
2015-01-25 15:42:00,"25/01/2015","3:42:00 PM",1,3.838689859,0.413828353,5.074898539,4.167656646
2015-01-25 15:45:00,"25/01/2015","3:45:00 PM",7,4.864125573,5.612519912,6.998013155,3.828845083
2015-01-25 15:48:00,"25/01/2015","3:48:00 PM",6,4.638136914,1.460951372,7.859863157,1.254954477
2015-01-25 15:51:00,"25/01/2015","3:51:00 PM",8,2.891140747,1.320272452,8.139643361,0.220644417
2015-01-25 15:54:00,"25/01/2015","3:54:00 PM",-4,3.408244637,3.776333012,7.576353304,0.925239423
2015-01-25 15:57:00,"25/01/2015","3:57:00 PM",0,2.567112155,4.336192156,9.84738254,4.945488055
2015-01-25 16:00:00,"25/01/2015","4:00:00 PM",-3,3.101155086,9.771064657,9.042699698,3.120624337
2015-01-25 16:03:00,"25/01/2015","4:03:00 PM",9,1.996026766,2.303226979,4.761312034,1.358841744
2015-01-25 16:06:00,"25/01/2015","4:06:00 PM",-6,0.329245566,2.488532439,9.508485684,1.546439958
2015-01-25 16:09:00,"25/01/2015","4:09:00 PM",8,1.31556671,2.254220515,2.278006633,2.669668037
2015-01-25 16:12:00,"25/01/2015","4:12:00 PM",10,4.566475537,0.507070423,3.236970913,1.786478089
2015-01-25 16:15:00,"25/01/2015","4:15:00 PM",3,4.289450927,7.044673682,6.459756104,2.417037433
2015-01-25 16:18:00,"25/01/2015","4:18:00 PM",6,0.905911783,2.73854494,6.302966331,4.293034798
2015-01-25 16:21:00,"25/01/2015","4:21:00 PM",-5,0.080443935,8.407979265,9.531524847,3.026116071
2015-01-25 16:24:00,"25/01/2015","4:24:00 PM",-1,0.857071121,5.094535816,1.294810209,3.749952289
2015-01-25 16:27:00,"25/01/2015","4:27:00 PM",-8,1.809618444,9.538894715,2.714748466,4.932996181
2015-01-25 16:30:00,"25/01/2015","4:30:00 PM",1,2.683281439,3.204909904,7.583244284,3.40326748
2015-01-25 16:33:00,"25/01/2015","4:33:00 PM",-6,2.951783884,6.141274254,9.157666938,2.452400552
2015-01-25 16:36:00,"25/01/2015","4:36:00 PM",7,3.599290138,4.418269272,5.851539108,4.915208599
2015-01-25 16:39:00,"25/01/2015","4:39:00 PM",10,1.907584182,4.978447525,2.203823528,0.018806075
2015-01-25 16:42:00,"25/01/2015","4:42:00 PM",2,3.665224034,7.67661536,5.985633986,2.922718144
2015-01-25 16:45:00,"25/01/2015","4:45:00 PM",-1,4.941214422,7.976441813,5.86157743,2.298923079
2015-01-25 16:48:00,"25/01/2015","4:48:00 PM",-10,1.39832656,6.728692749,3.350301079,3.926698144
2015-01-25 16:51:00,"25/01/2015","4:51:00 PM",7,1.663094942,4.034831843,8.351701286,3.600781173
2015-01-25 16:54:00,"25/01/2015","4:54:00 PM",-9,2.473576863,6.082929468,5.44873487,1.480602998
2015-01-25 16:57:00,"25/01/2015","4:57:00 PM",4,4.875694821,4.105929204,6.326996336,2.197922724
2015-01-25 17:00:00,"25/01/2015","5:00:00 PM",8,2.046237058,5.907556416,8.408747481,3.859070994
2015-01-25 17:03:00,"25/01/2015","5:03:00 PM",3,3.380310644,7.749079086,4.520061945,3.886171291
2015-01-25 17:06:00,"25/01/2015","5:06:00 PM",7,2.953822244,4.135594988,6.120602017,1.444885513
2015-01-25 17:09:00,"25/01/2015","5:09:00 PM",8,1.416090046,2.076856355,7.923746716,3.845783471
2015-01-25 17:12:00,"25/01/2015","5:12:00 PM",-10,3.472335662,4.11672021,4.167693464,2.684438738
2015-01-25 17:15:00,"25/01/2015","5:15:00 PM",6,3.145474926,7.554305694,4.944801451,3.634302382
2015-01-25 17:18:00,"25/01/2015","5:18:00 PM",2,3.924677503,7.547421369,8.712796283,2.081081445
2015-01-25 17:21:00,"25/01/2015","5:21:00 PM",-5,1.46641344,7.841834081,3.570839522,0.014558374
2015-01-25 17:24:00,"25/01/2015","5:24:00 PM",3,1.809438437,1.84787984,9.317219629,4.781765392
2015-01-25 17:27:00,"25/01/2015","5:27:00 PM",2,2.720741203,8.055511384,1.552922797,4.049843765
2015-01-25 17:30:00,"25/01/2015","5:30:00 PM",-1,1.57865124,3.680455426,7.13993314,4.106654269
2015-01-25 17:33:00,"25/01/2015","5:33:00 PM",10,1.961958377,1.431494604,0.687626461,4.76857465
2015-01-25 17:36:00,"25/01/2015","5:36:00 PM",3,3.244246331,6.613466037,4.757928186,0.171832124
2015-01-25 17:39:00,"25/01/2015","5:39:00 PM",4,2.827074942,9.745307103,6.021265229,2.421870564
2015-01-25 17:42:00,"25/01/2015","5:42:00 PM",2,4.834559858,9.312858814,6.668032596,3.566502143
2015-01-25 17:45:00,"25/01/2015","5:45:00 PM",6,3.797731711,2.261010207,6.207375315,1.528022741
2015-01-25 17:48:00,"25/01/2015","5:48:00 PM",-5,4.197928169,3.598608077,0.656004708,4.096536268
2015-01-25 17:51:00,"25/01/2015","5:51:00 PM",6,1.337578396,2.947139399,6.621253184,1.374910635
2015-01-25 17:54:00,"25/01/2015","5:54:00 PM",9,4.702200384,3.901209688,6.036686024,1.123735999
2015-01-25 17:57:00,"25/01/2015","5:57:00 PM",1,1.554119007,0.84973463,8.553285809,4.828428705
2015-01-25 18:00:00,"25/01/2015","6:00:00 PM",-8,3.280324419,5.309733632,5.424052399,2.530366615
2015-01-25 18:03:00,"25/01/2015","6:03:00 PM",-3,4.855629193,4.400427729,7.726306128,4.948834254
2015-01-25 18:06:00,"25/01/2015","6:06:00 PM",-4,3.362151481,7.65944521,8.74969147,0.102050488
2015-01-25 18:09:00,"25/01/2015","6:09:00 PM",-2,2.367932172,2.341372023,9.741319925,4.663232807
2015-01-25 18:12:00,"25/01/2015","6:12:00 PM",-4,1.817587823,5.659660448,9.554174982,3.619460263
2015-01-25 18:15:00,"25/01/2015","6:15:00 PM",1,0.137100719,7.504055184,5.04847936,1.95234734
2015-01-25 18:18:00,"25/01/2015","6:18:00 PM",-3,2.567681174,3.831691859,9.962402269,0.065765557
2015-01-25 18:21:00,"25/01/2015","6:21:00 PM",-10,2.345421435,4.239560444,3.681008477,0.320493265
2015-01-25 18:24:00,"25/01/2015","6:24:00 PM",3,0.041132764,9.542948606,5.925378494,2.216035471
2015-01-25 18:27:00,"25/01/2015","6:27:00 PM",4,0.646735829,9.369923317,0.25096864,0.920326087
2015-01-25 18:30:00,"25/01/2015","6:30:00 PM",-6,3.155907352,8.882728789,5.859905444,4.046196578
2015-01-25 18:33:00,"25/01/2015","6:33:00 PM",7,2.18328691,2.917014702,0.082179904,2.148271287
2015-01-25 18:36:00,"25/01/2015","6:36:00 PM",-9,3.889439452,3.955320228,3.012558045,0.384852255
2015-01-25 18:39:00,"25/01/2015","6:39:00 PM",2,1.857219849,8.004178164,8.999588646,1.18953948
2015-01-25 18:42:00,"25/01/2015","6:42:00 PM",7,4.98907723,5.873563172,2.421258388,4.483943114
2015-01-25 18:45:00,"25/01/2015","6:45:00 PM",-9,1.547021476,1.912271785,0.197617698,2.300791044
2015-01-25 18:48:00,"25/01/2015","6:48:00 PM",5,3.215968547,4.797480611,3.846540629,1.734725479
2015-01-25 18:51:00,"25/01/2015","6:51:00 PM",-10,0.997950968,1.968916723,7.362826451,2.320329111
2015-01-25 18:54:00,"25/01/2015","6:54:00 PM",-10,2.209624918,3.188056207,2.519617539,3.400029119
2015-01-25 18:57:00,"25/01/2015","6:57:00 PM",6,4.897913764,9.773184906,1.811491219,1.154559429
2015-01-25 19:00:00,"25/01/2015","7:00:00 PM",-4,1.727341896,5.112631991,6.373864694,3.417134713
2015-01-25 19:03:00,"25/01/2015","7:03:00 PM",-2,1.180800414,9.771989404,3.965515824,1.667781151
2015-01-25 19:06:00,"25/01/2015","7:06:00 PM",7,2.15024802,1.84405268,5.939600942,3.962791701
2015-01-25 19:09:00,"25/01/2015","7:09:00 PM",-7,4.964368474,6.713285668,8.092398156,2.745533975
2015-01-25 19:12:00,"25/01/2015","7:12:00 PM",-5,2.583496706,7.93740508,8.166723189,3.532072552
2015-01-25 19:15:00,"25/01/2015","7:15:00 PM",9,2.225814695,7.618807441,7.664017758,2.711936604
2015-01-25 19:18:00,"25/01/2015","7:18:00 PM",-3,1.232149532,6.376902183,0.721145659,0.677537768
2015-01-25 19:21:00,"25/01/2015","7:21:00 PM",6,1.688888521,7.226636263,1.896576484,2.738590078
2015-01-25 19:24:00,"25/01/2015","7:24:00 PM",-2,2.530129712,3.646238204,7.51951403,1.046046097
2015-01-25 19:27:00,"25/01/2015","7:27:00 PM",-4,0.271983342,4.296559845,8.206663177,1.579660812
2015-01-25 19:30:00,"25/01/2015","7:30:00 PM",10,4.139083508,0.436917549,8.334386413,1.361624771
2015-01-25 19:33:00,"25/01/2015","7:33:00 PM",-7,1.663728114,1.473598646,1.021939515,0.946949118
2015-01-25 19:36:00,"25/01/2015","7:36:00 PM",6,2.652210665,4.323998222,0.162599112,1.171815835
2015-01-25 19:39:00,"25/01/2015","7:39:00 PM",-9,3.146462182,3.504952316,8.708454583,4.890188611
2015-01-25 19:42:00,"25/01/2015","7:42:00 PM",-7,4.050147284,9.169882999,4.729932347,0.95807028
2015-01-25 19:45:00,"25/01/2015","7:45:00 PM",120.46017,15.39902833,66.70480673,301.481007,292.5306764
2015-01-25 19:48:00,"25/01/2015","7:48:00 PM",114.46017,11.27735378,45.91195126,214.2721154,290.8403725
2015-01-25 19:51:00,"25/01/2015","7:51:00 PM",111.46017,10.99857304,38.24415399,216.0787675,291.2654064
2015-01-25 19:54:00,"25/01/2015","7:54:00 PM",106.46017,12.50533051,30.40528966,210.7307265,286.7365042
2015-01-25 19:57:00,"25/01/2015","7:57:00 PM",124.46017,11.90083647,30.5901739,214.412334,285.9938635
2015-01-25 20:00:00,"25/01/2015","8:00:00 PM",115.46017,12.00836078,46.80098906,214.4336557,287.0934176
2015-01-25 20:03:00,"25/01/2015","8:03:00 PM",113.46017,12.8058484,25.54906713,231.1826884,285.2337473
2015-01-25 20:06:00,"25/01/2015","8:06:00 PM",-8,1.586510952,39.02456428,220.4514263,287.9030146
2015-01-25 20:09:00,"25/01/2015","8:09:00 PM",4,2.568027185,102.1645738,245.9124688,302.8284978
2015-01-25 20:12:00,"25/01/2015","8:12:00 PM",943.50818,29.72681808,83.64347235,238.3405106,298.7852502
2015-01-25 20:15:00,"25/01/2015","8:15:00 PM",911.13971,26.44514009,79.43909145,240.3257246,302.3111565
2015-01-25 20:18:00,"25/01/2015","8:18:00 PM",1029.0815,34.76169577,75.94598237,242.4545301,303.394073
2015-01-25 20:21:00,"25/01/2015","8:21:00 PM",1214.5233,37.92794113,72.98364813,251.8012163,304.5686053
2015-01-25 20:24:00,"25/01/2015","8:24:00 PM",1384.597,44.85709349,70.83303505,256.4392661,304.9899028
2015-01-25 20:27:00,"25/01/2015","8:27:00 PM",2033.3604,54.6208959,88.30448572,257.0598973,301.1045255
2015-01-25 20:30:00,"25/01/2015","8:30:00 PM",2051.6316,53.69436331,74.83143869,247.2792644,303.2003955
2015-01-25 20:33:00,"25/01/2015","8:33:00 PM",2412.7927,59.20322492,76.21591878,266.1121745,304.3142907
2015-01-25 20:36:00,"25/01/2015","8:36:00 PM",3083.0386,67.94419112,82.04036925,277.4585078,304.5947356
2015-01-25 20:39:00,"25/01/2015","8:39:00 PM",3264.3784,67.1593846,77.89462943,273.9992382,305.302031
2015-01-25 20:42:00,"25/01/2015","8:42:00 PM",3220.6309,63.29158107,75.67366869,272.8982819,304.9431858
2015-01-25 20:45:00,"25/01/2015","8:45:00 PM",3092.2573,61.38937452,75.31130884,272.3128454,308.8009471
2015-01-25 20:48:00,"25/01/2015","8:48:00 PM",3210.1865,65.02500363,80.53357924,265.2342916,308.1621829
2015-01-25 20:51:00,"25/01/2015","8:51:00 PM",3168.0264,63.59057563,68.70696806,275.5887423,303.6970474
2015-01-25 20:54:00,"25/01/2015","8:54:00 PM",3334.7822,68.85466855,73.4040658,279.7086277,306.8113045
2015-01-25 20:57:00,"25/01/2015","8:57:00 PM",3407.3452,67.76851121,77.13520472,276.8018293,307.1930764
2015-01-25 21:00:00,"25/01/2015","9:00:00 PM",3421.6763,69.45998374,67.99944834,274.8616278,307.3678506
2015-01-25 21:03:00,"25/01/2015","9:03:00 PM",3474.3687,68.46614111,75.14881434,276.6052738,305.1825542
2015-01-25 21:06:00,"25/01/2015","9:06:00 PM",3548.2456,71.94119818,69.18410568,289.0833512,308.4444285
2015-01-25 21:09:00,"25/01/2015","9:09:00 PM",3757.4966,71.00694962,74.78759677,270.3136954,300.112368
2015-01-25 21:12:00,"25/01/2015","9:12:00 PM",3372.2156,69.68069779,102.101416,282.8705171,304.2730801
2015-01-25 21:15:00,"25/01/2015","9:15:00 PM",3957.3569,72.46072019,80.12563519,290.2910938,307.5901557
2015-01-25 21:18:00,"25/01/2015","9:18:00 PM",3858.2236,73.73914033,65.79272209,292.111205,306.258309
2015-01-25 21:21:00,"25/01/2015","9:21:00 PM",3518.8557,73.66113322,51.91238825,260.836853,306.382176
2015-01-25 21:24:00,"25/01/2015","9:24:00 PM",2966.0776,66.21453639,80.25459066,266.1892633,306.8137824
2015-01-25 21:27:00,"25/01/2015","9:27:00 PM",2773.6948,70.01777582,74.41187273,255.3459266,304.1112527
2015-01-25 21:30:00,"25/01/2015","9:30:00 PM",2741.4514,65.0113283,79.91046475,252.1728148,300.2936353
2015-01-25 21:33:00,"25/01/2015","9:33:00 PM",2722.5801,69.17247744,73.17313729,259.507635,299.6119812
2015-01-25 21:36:00,"25/01/2015","9:36:00 PM",2695.5352,69.73111607,78.21931469,260.0270225,303.4167803
2015-01-25 21:39:00,"25/01/2015","9:39:00 PM",2714.927,70.15390275,80.32134843,261.6555304,299.6575421
2015-01-25 21:42:00,"25/01/2015","9:42:00 PM",2622.5803,67.60072973,83.35347476,262.2785633,302.6421517
2015-01-25 21:45:00,"25/01/2015","9:45:00 PM",2606.5598,69.70388736,73.74377291,261.0778875,303.9217496
2015-01-25 21:48:00,"25/01/2015","9:48:00 PM",2629.7324,68.62733517,76.78474743,264.4219626,305.5371963
2015-01-25 21:51:00,"25/01/2015","9:51:00 PM",2631.6353,71.48671676,67.24713031,256.3745103,306.2671986
2015-01-25 21:54:00,"25/01/2015","9:54:00 PM",2688.9885,71.26268208,68.31033276,258.4528673,300.5563602
2015-01-25 21:57:00,"25/01/2015","9:57:00 PM",2741.802,70.82380541,66.56648004,254.3545388,302.7366147
2015-01-25 22:00:00,"25/01/2015","10:00:00 PM",2786.9697,68.73258607,63.85347601,252.6976109,300.2377707
2015-01-25 22:03:00,"25/01/2015","10:03:00 PM",2819.0696,72.23101397,64.1262495,257.8754395,302.8540805
2015-01-25 22:06:00,"25/01/2015","10:06:00 PM",2794.5212,67.55268191,73.4129353,251.8859543,304.0985824
2015-01-25 22:09:00,"25/01/2015","10:09:00 PM",2784.3696,69.71078139,64.51367374,255.964817,303.0036714
2015-01-25 22:12:00,"25/01/2015","10:12:00 PM",2793.7117,71.06696847,69.07089592,259.7744088,306.329468
2015-01-25 22:15:00,"25/01/2015","10:15:00 PM",2702.5369,69.89953488,69.43274438,252.0815657,301.7901947
2015-01-25 22:18:00,"25/01/2015","10:18:00 PM",2651.0898,66.37168618,76.51758035,254.5299924,302.6808379
2015-01-25 22:21:00,"25/01/2015","10:21:00 PM",2670.9314,68.23728159,73.70361969,256.3518672,299.1640322
2015-01-25 22:24:00,"25/01/2015","10:24:00 PM",2728.76,67.86780668,74.58189475,257.7809764,298.9421384
2015-01-25 22:27:00,"25/01/2015","10:27:00 PM",2681.9568,70.27126123,72.67094463,254.2989457,301.1691599
2015-01-25 22:30:00,"25/01/2015","10:30:00 PM",2617.6482,70.06713882,78.78721993,256.0255748,307.9775623
2015-01-25 22:33:00,"25/01/2015","10:33:00 PM",2735.1707,66.33940684,80.40179267,265.2306861,305.4688469
2015-01-25 22:36:00,"25/01/2015","10:36:00 PM",2659.5142,68.74537957,81.76844412,262.0331678,305.2189931
2015-01-25 22:39:00,"25/01/2015","10:39:00 PM",2794.4065,70.98315052,68.5494058,264.8672859,307.7621195
2015-01-25 22:42:00,"25/01/2015","10:42:00 PM",2585.9832,71.45627517,86.01276319,256.6340711,307.6611366
2015-01-25 22:45:00,"25/01/2015","10:45:00 PM",2683.7537,67.8870064,72.18312008,262.8931123,303.0225021
2015-01-25 22:48:00,"25/01/2015","10:48:00 PM",2625.427,67.36614455,84.95688085,254.4071164,300.1922057
2015-01-25 22:51:00,"25/01/2015","10:51:00 PM",2732.1152,67.83413488,77.18445919,257.8363146,299.6946186
2015-01-25 22:54:00,"25/01/2015","10:54:00 PM",2608.0408,69.35816424,68.86084354,259.3231677,302.9051024
2015-01-25 22:57:00,"25/01/2015","10:57:00 PM",2695.7822,68.01607805,75.21114544,255.8667188,305.7887428
2015-01-25 23:00:00,"25/01/2015","11:00:00 PM",2739.334,70.85752151,79.03821495,254.187226,307.8812201
2015-01-25 23:03:00,"25/01/2015","11:03:00 PM",2750.9067,70.95839273,73.30612626,262.6300369,303.1537954
2015-01-25 23:06:00,"25/01/2015","11:06:00 PM",2643.4736,70.54271353,78.953593,257.0910669,304.5237655
2015-01-25 23:09:00,"25/01/2015","11:09:00 PM",2682.8154,70.79199439,80.21509966,260.7081812,303.4051384
2015-01-25 23:12:00,"25/01/2015","11:12:00 PM",2626.0627,66.21132974,72.13704214,261.9279302,307.8396574
2015-01-25 23:15:00,"25/01/2015","11:15:00 PM",2699.7642,68.29580059,81.13829511,257.4182224,306.0855503
2015-01-25 23:18:00,"25/01/2015","11:18:00 PM",2610.2146,67.13163949,79.9053389,254.810136,303.2420541
2015-01-25 23:21:00,"25/01/2015","11:21:00 PM",2590.1443,69.69616243,81.82530385,260.2182495,305.7880486
2015-01-25 23:24:00,"25/01/2015","11:24:00 PM",2611.8982,67.33114481,77.57416047,260.5487475,303.3448017
2015-01-25 23:27:00,"25/01/2015","11:27:00 PM",2624.7893,71.17361731,69.51094698,258.3393679,305.590605
2015-01-25 23:30:00,"25/01/2015","11:30:00 PM",2621.7742,68.27467971,76.738287,266.4029984,303.5315061
2015-01-25 23:33:00,"25/01/2015","11:33:00 PM",2706.8918,66.52486741,75.04870936,259.610158,304.4024829
2015-01-25 23:36:00,"25/01/2015","11:36:00 PM",2679.3318,71.04141299,78.72224305,260.8741349,303.7770498
2015-01-25 23:39:00,"25/01/2015","11:39:00 PM",2639.4458,71.58990598,75.14129503,258.7814683,303.8943636
2015-01-25 23:42:00,"25/01/2015","11:42:00 PM",2732.2483,71.43603757,82.28984945,256.0592946,307.1481451
2015-01-25 23:45:00,"25/01/2015","11:45:00 PM",2652.479,71.35232493,72.31302389,256.9162455,303.5871749
2015-01-25 23:48:00,"25/01/2015","11:48:00 PM",2674.8494,68.51458494,75.73265654,256.9962757,303.6030507
2015-01-25 23:51:00,"25/01/2015","11:51:00 PM",2714.625,67.98862431,77.15351144,265.7372762,303.3303045
2015-01-25 23:54:00,"25/01/2015","11:54:00 PM",2723.6094,70.09840998,79.83600256,255.8456574,300.1938959
2015-01-25 23:57:00,"25/01/2015","11:57:00 PM",2724.5112,67.70471407,71.4510057,259.880423,303.8319713
